full_occlusion_calls,model,episodes,successes,success_rate,ci95_low,ci95_high,recovery_success_rate,mean_policy_calls,mean_policy_calls_successes
4,B,100,27,0.27,0.1926946091766482,0.3643230022623127,0.27,25.33,18.11111111111111
4,C1,100,29,0.29,0.21014706973984146,0.38539074940007934,0.29,24.92,17.379310344827587
4,C16,100,35,0.35,0.2636410465347802,0.4474573957080203,0.35,24.75,18.714285714285715
8,B,100,29,0.29,0.21014706973984146,0.38539074940007934,0.2755102040816326,26.0,21.103448275862068
8,C1,100,20,0.2,0.1333659225590988,0.28883096192650237,0.1919191919191919,26.36,19.8
8,C16,100,38,0.38,0.2909744920013438,0.47790426179289663,0.38,25.26,20.789473684210527
12,B,100,19,0.19,0.1251465399270426,0.27779024070807856,0.18181818181818182,27.42,24.94736842105263
12,C1,100,13,0.13,0.07757093858414264,0.20980521894809878,0.12121212121212122,27.57,24.692307692307693
12,C16,100,27,0.27,0.1926946091766482,0.3643230022623127,0.27,27.49,26.11111111111111
16,B,100,3,0.03,0.010254338223414816,0.08452078080402699,0.03,27.99,27.666666666666668
16,C1,100,4,0.04,0.015663050551848016,0.09837217232607373,0.030303030303030304,27.88,25.0
16,C16,100,6,0.06,0.02778574526665662,0.12476968531222507,0.050505050505050504,27.87,25.833333333333332
