Task,runtime_task_index,A,B,C,C-A,C-B,A_rollouts,B_rollouts,C_rollouts
put both the alphabet soup and the tomato sauce in the basket,0,0.56,0.36,0.6,0.039999999999999925,0.24,50,50,50
put both the cream cheese box and the butter in the basket,1,0.94,0.94,0.94,0.0,0.0,50,50,50
turn on the stove and put the moka pot on it,2,0.98,0.98,0.74,-0.24,-0.24,50,50,50
put the black bowl in the bottom drawer of the cabinet and close it,3,0.92,0.64,0.76,-0.16000000000000003,0.12,50,50,50
put the white mug on the left plate and put the yellow and white mug on the right plate,4,0.86,0.94,0.9,0.040000000000000036,-0.039999999999999925,50,50,50
pick up the book and place it in the back compartment of the caddy,5,0.92,0.9,0.9,-0.020000000000000018,0.0,50,50,50
put the white mug on the plate and put the chocolate pudding to the right of the plate,6,0.72,0.72,0.72,0.0,0.0,50,50,50
put both the alphabet soup and the cream cheese box in the basket,7,0.9,0.92,0.92,0.020000000000000018,0.0,50,50,50
put both moka pots on the stove,8,0.28,0.66,0.54,0.26,-0.12,50,50,50
put the yellow and white mug in the microwave and close it,9,0.7,0.88,0.74,0.040000000000000036,-0.14,50,50,50
