timestamp	model	suite	task_id	status	exit_code	log_dir
2026-09-10T11:34:25+08:00	A	libero_10	0	ok	0	/media/fulei/jlu/libero10_abc_50_per_task_20260910/A/libero_10/task-000
2026-09-10T11:34:25+08:00	A	libero_10	1	ok	0	/media/fulei/jlu/libero10_abc_50_per_task_20260910/A/libero_10/task-001
2026-09-10T11:34:25+08:00	A	libero_10	2	ok	0	/media/fulei/jlu/libero10_abc_50_per_task_20260910/A/libero_10/task-002
2026-09-10T11:34:25+08:00	A	libero_10	3	ok	0	/media/fulei/jlu/libero10_abc_50_per_task_20260910/A/libero_10/task-003
2026-09-10T11:34:25+08:00	A	libero_10	4	ok	0	/media/fulei/jlu/libero10_abc_50_per_task_20260910/A/libero_10/task-004
2026-09-10T11:34:25+08:00	A	libero_10	5	ok	0	/media/fulei/jlu/libero10_abc_50_per_task_20260910/A/libero_10/task-005
2026-09-10T11:34:25+08:00	A	libero_10	6	ok	0	/media/fulei/jlu/libero10_abc_50_per_task_20260910/A/libero_10/task-006
2026-09-10T11:34:26+08:00	A	libero_10	7	ok	0	/media/fulei/jlu/libero10_abc_50_per_task_20260910/A/libero_10/task-007
2026-09-10T13:07:17+08:00	A	libero_10	8	ok	0	/media/fulei/jlu/libero10_abc_50_per_task_20260910/A/libero_10/task-008
2026-09-10T13:07:18+08:00	A	libero_10	9	ok	0	/media/fulei/jlu/libero10_abc_50_per_task_20260910/A/libero_10/task-009
2026-09-10T14:23:19+08:00	B	libero_10	0	ok	0	/media/fulei/jlu/libero10_abc_50_per_task_20260910/B/libero_10/task-000
2026-09-10T14:23:19+08:00	B	libero_10	1	ok	0	/media/fulei/jlu/libero10_abc_50_per_task_20260910/B/libero_10/task-001
2026-09-10T14:23:19+08:00	B	libero_10	2	ok	0	/media/fulei/jlu/libero10_abc_50_per_task_20260910/B/libero_10/task-002
2026-09-10T14:23:19+08:00	B	libero_10	3	ok	0	/media/fulei/jlu/libero10_abc_50_per_task_20260910/B/libero_10/task-003
2026-09-10T14:23:19+08:00	B	libero_10	4	ok	0	/media/fulei/jlu/libero10_abc_50_per_task_20260910/B/libero_10/task-004
2026-09-10T14:23:19+08:00	B	libero_10	5	ok	0	/media/fulei/jlu/libero10_abc_50_per_task_20260910/B/libero_10/task-005
2026-09-10T14:23:19+08:00	B	libero_10	6	ok	0	/media/fulei/jlu/libero10_abc_50_per_task_20260910/B/libero_10/task-006
2026-09-10T14:23:19+08:00	B	libero_10	7	ok	0	/media/fulei/jlu/libero10_abc_50_per_task_20260910/B/libero_10/task-007
2026-09-10T15:50:52+08:00	B	libero_10	8	ok	0	/media/fulei/jlu/libero10_abc_50_per_task_20260910/B/libero_10/task-008
2026-09-10T15:50:52+08:00	B	libero_10	9	ok	0	/media/fulei/jlu/libero10_abc_50_per_task_20260910/B/libero_10/task-009
2026-09-10T16:59:27+08:00	C	libero_10	0	ok	0	/media/fulei/jlu/libero10_abc_50_per_task_20260910/C/libero_10/task-000
2026-09-10T16:59:27+08:00	C	libero_10	1	ok	0	/media/fulei/jlu/libero10_abc_50_per_task_20260910/C/libero_10/task-001
2026-09-10T17:01:21+08:00	C	libero_10	2	ok	0	/media/fulei/jlu/libero10_abc_50_per_task_20260910/C/libero_10/task-002
2026-09-10T17:01:21+08:00	C	libero_10	3	ok	0	/media/fulei/jlu/libero10_abc_50_per_task_20260910/C/libero_10/task-003
2026-09-10T17:01:21+08:00	C	libero_10	4	ok	0	/media/fulei/jlu/libero10_abc_50_per_task_20260910/C/libero_10/task-004
2026-09-10T17:01:21+08:00	C	libero_10	5	ok	0	/media/fulei/jlu/libero10_abc_50_per_task_20260910/C/libero_10/task-005
2026-09-10T17:01:21+08:00	C	libero_10	6	ok	0	/media/fulei/jlu/libero10_abc_50_per_task_20260910/C/libero_10/task-006
2026-09-10T17:01:21+08:00	C	libero_10	7	ok	0	/media/fulei/jlu/libero10_abc_50_per_task_20260910/C/libero_10/task-007
2026-09-10T18:30:20+08:00	C	libero_10	8	ok	0	/media/fulei/jlu/libero10_abc_50_per_task_20260910/C/libero_10/task-008
2026-09-10T18:30:20+08:00	C	libero_10	9	ok	0	/media/fulei/jlu/libero10_abc_50_per_task_20260910/C/libero_10/task-009
