model,suite,task_id,status,exit_code,episodes,successes,success_rate,log_dir
A,libero_10,0,ok,0,50,28,56.00,/media/fulei/jlu/libero10_abc_50_per_task_20260910/A/libero_10/task-000
A,libero_10,1,ok,0,50,47,94.00,/media/fulei/jlu/libero10_abc_50_per_task_20260910/A/libero_10/task-001
A,libero_10,2,ok,0,50,49,98.00,/media/fulei/jlu/libero10_abc_50_per_task_20260910/A/libero_10/task-002
A,libero_10,3,ok,0,50,46,92.00,/media/fulei/jlu/libero10_abc_50_per_task_20260910/A/libero_10/task-003
A,libero_10,4,ok,0,50,43,86.00,/media/fulei/jlu/libero10_abc_50_per_task_20260910/A/libero_10/task-004
A,libero_10,5,ok,0,50,46,92.00,/media/fulei/jlu/libero10_abc_50_per_task_20260910/A/libero_10/task-005
A,libero_10,6,ok,0,50,36,72.00,/media/fulei/jlu/libero10_abc_50_per_task_20260910/A/libero_10/task-006
A,libero_10,7,ok,0,50,45,90.00,/media/fulei/jlu/libero10_abc_50_per_task_20260910/A/libero_10/task-007
A,libero_10,8,ok,0,50,14,28.00,/media/fulei/jlu/libero10_abc_50_per_task_20260910/A/libero_10/task-008
A,libero_10,9,ok,0,50,35,70.00,/media/fulei/jlu/libero10_abc_50_per_task_20260910/A/libero_10/task-009
B,libero_10,0,ok,0,50,18,36.00,/media/fulei/jlu/libero10_abc_50_per_task_20260910/B/libero_10/task-000
B,libero_10,1,ok,0,50,47,94.00,/media/fulei/jlu/libero10_abc_50_per_task_20260910/B/libero_10/task-001
B,libero_10,2,ok,0,50,49,98.00,/media/fulei/jlu/libero10_abc_50_per_task_20260910/B/libero_10/task-002
B,libero_10,3,ok,0,50,32,64.00,/media/fulei/jlu/libero10_abc_50_per_task_20260910/B/libero_10/task-003
B,libero_10,4,ok,0,50,47,94.00,/media/fulei/jlu/libero10_abc_50_per_task_20260910/B/libero_10/task-004
B,libero_10,5,ok,0,50,45,90.00,/media/fulei/jlu/libero10_abc_50_per_task_20260910/B/libero_10/task-005
B,libero_10,6,ok,0,50,36,72.00,/media/fulei/jlu/libero10_abc_50_per_task_20260910/B/libero_10/task-006
B,libero_10,7,ok,0,50,46,92.00,/media/fulei/jlu/libero10_abc_50_per_task_20260910/B/libero_10/task-007
B,libero_10,8,ok,0,50,33,66.00,/media/fulei/jlu/libero10_abc_50_per_task_20260910/B/libero_10/task-008
B,libero_10,9,ok,0,50,44,88.00,/media/fulei/jlu/libero10_abc_50_per_task_20260910/B/libero_10/task-009
C,libero_10,0,ok,0,50,30,60.00,/media/fulei/jlu/libero10_abc_50_per_task_20260910/C/libero_10/task-000
C,libero_10,1,ok,0,50,47,94.00,/media/fulei/jlu/libero10_abc_50_per_task_20260910/C/libero_10/task-001
C,libero_10,2,ok,0,50,37,74.00,/media/fulei/jlu/libero10_abc_50_per_task_20260910/C/libero_10/task-002
C,libero_10,3,ok,0,50,38,76.00,/media/fulei/jlu/libero10_abc_50_per_task_20260910/C/libero_10/task-003
C,libero_10,4,ok,0,50,45,90.00,/media/fulei/jlu/libero10_abc_50_per_task_20260910/C/libero_10/task-004
C,libero_10,5,ok,0,50,45,90.00,/media/fulei/jlu/libero10_abc_50_per_task_20260910/C/libero_10/task-005
C,libero_10,6,ok,0,50,36,72.00,/media/fulei/jlu/libero10_abc_50_per_task_20260910/C/libero_10/task-006
C,libero_10,7,ok,0,50,46,92.00,/media/fulei/jlu/libero10_abc_50_per_task_20260910/C/libero_10/task-007
C,libero_10,8,ok,0,50,27,54.00,/media/fulei/jlu/libero10_abc_50_per_task_20260910/C/libero_10/task-008
C,libero_10,9,ok,0,50,37,74.00,/media/fulei/jlu/libero10_abc_50_per_task_20260910/C/libero_10/task-009
