model,suite,task_id,status,exit_code,episodes,successes,success_rate,log_dir,source
A,libero_spatial,0,ok,0,50,49,98.00,/media/fulei/jlu/libero_abc_spatial_50_per_task_20260906/A/libero_spatial/task-000,libero_abc_spatial_50_per_task_20260906/task_results.csv
A,libero_spatial,1,ok,0,50,49,98.00,/media/fulei/jlu/libero_abc_spatial_50_per_task_20260906/A/libero_spatial/task-001,libero_abc_spatial_50_per_task_20260906/task_results.csv
A,libero_spatial,2,ok,0,50,49,98.00,/media/fulei/jlu/libero_abc_spatial_50_per_task_20260906/A/libero_spatial/task-002,libero_abc_spatial_50_per_task_20260906/task_results.csv
A,libero_spatial,3,ok,0,50,50,100.00,/media/fulei/jlu/libero_abc_spatial_50_per_task_20260906/A/libero_spatial/task-003,libero_abc_spatial_50_per_task_20260906/task_results.csv
A,libero_spatial,4,ok,0,50,49,98.00,/media/fulei/jlu/libero_abc_spatial_50_per_task_20260906/A/libero_spatial/task-004,libero_abc_spatial_50_per_task_20260906/task_results.csv
A,libero_spatial,5,ok,0,50,47,94.00,/media/fulei/jlu/libero_abc_spatial_50_per_task_20260906/A/libero_spatial/task-005,libero_abc_spatial_50_per_task_20260906/task_results.csv
A,libero_spatial,6,ok,0,50,49,98.00,/media/fulei/jlu/libero_abc_spatial_50_per_task_20260906/A/libero_spatial/task-006,libero_abc_spatial_50_per_task_20260906/task_results.csv
A,libero_spatial,7,ok,0,50,41,82.00,/media/fulei/jlu/libero_abc_spatial_50_per_task_20260906/A/libero_spatial/task-007,libero_abc_spatial_50_per_task_20260906/task_results.csv
A,libero_spatial,8,ok,0,50,48,96.00,/media/fulei/jlu/libero_abc_spatial_50_per_task_20260906/A/libero_spatial/task-008,libero_abc_spatial_50_per_task_20260906/task_results.csv
A,libero_spatial,9,ok,0,50,47,94.00,/media/fulei/jlu/libero_abc_spatial_50_per_task_20260906/A/libero_spatial/task-009,libero_abc_spatial_50_per_task_20260906/task_results.csv
B,libero_spatial,0,ok,0,50,50,100.00,/media/fulei/jlu/libero_abc_spatial_50_per_task_20260906/B/libero_spatial/task-000,libero_abc_spatial_50_per_task_20260906/task_results.csv
B,libero_spatial,1,ok,0,50,50,100.00,/media/fulei/jlu/libero_abc_spatial_50_per_task_20260906/B/libero_spatial/task-001,libero_abc_spatial_50_per_task_20260906/task_results.csv
B,libero_spatial,2,ok,0,50,49,98.00,/media/fulei/jlu/libero_abc_spatial_50_per_task_20260906/B/libero_spatial/task-002,libero_abc_spatial_50_per_task_20260906/task_results.csv
B,libero_spatial,3,ok,0,50,49,98.00,/media/fulei/jlu/libero_abc_spatial_50_per_task_20260906/B/libero_spatial/task-003,libero_abc_spatial_50_per_task_20260906/task_results.csv
B,libero_spatial,4,ok,0,50,47,94.00,/media/fulei/jlu/libero_abc_spatial_50_per_task_20260906/B/libero_spatial/task-004,libero_abc_spatial_50_per_task_20260906/task_results.csv
B,libero_spatial,5,ok,0,50,50,100.00,/media/fulei/jlu/libero_abc_spatial_50_per_task_20260906/B/libero_spatial/task-005,libero_abc_spatial_50_per_task_20260906/task_results.csv
B,libero_spatial,6,ok,0,50,47,94.00,/media/fulei/jlu/libero_abc_spatial_50_per_task_20260906/B/libero_spatial/task-006,libero_abc_spatial_50_per_task_20260906/task_results.csv
B,libero_spatial,7,ok,0,50,42,84.00,/media/fulei/jlu/libero_abc_spatial_50_per_task_20260906/B/libero_spatial/task-007,libero_abc_spatial_50_per_task_20260906/task_results.csv
B,libero_spatial,8,ok,0,50,50,100.00,/media/fulei/jlu/libero_abc_spatial_50_per_task_20260906/B/libero_spatial/task-008,libero_abc_spatial_50_per_task_20260906/task_results.csv
B,libero_spatial,9,ok,0,50,47,94.00,/media/fulei/jlu/libero_abc_spatial_50_per_task_20260906/B/libero_spatial/task-009,libero_abc_spatial_50_per_task_20260906/task_results.csv
C,libero_spatial,0,ok,0,50,50,100.00,/media/fulei/jlu/libero_abc_spatial_50_per_task_20260906/C/libero_spatial/task-000,libero_abc_spatial_50_per_task_20260906/task_results.csv
C,libero_spatial,1,ok,0,50,50,100.00,/media/fulei/jlu/libero_abc_spatial_50_per_task_20260906/C/libero_spatial/task-001,libero_abc_spatial_50_per_task_20260906/task_results.csv
C,libero_spatial,2,ok,0,50,50,100.00,/media/fulei/jlu/libero_abc_spatial_50_per_task_20260906/C/libero_spatial/task-002,libero_abc_spatial_50_per_task_20260906/task_results.csv
C,libero_spatial,3,ok,0,50,49,98.00,/media/fulei/jlu/libero_abc_spatial_50_per_task_20260906/C/libero_spatial/task-003,libero_abc_spatial_50_per_task_20260906/task_results.csv
C,libero_spatial,4,ok,0,50,46,92.00,/media/fulei/jlu/libero_abc_spatial_50_per_task_20260906/C/libero_spatial/task-004,libero_abc_spatial_50_per_task_20260906/task_results.csv
C,libero_spatial,5,ok,0,50,48,96.00,/media/fulei/jlu/libero_abc_spatial_50_per_task_20260906/C/libero_spatial/task-005,libero_abc_spatial_50_per_task_20260906/task_results.csv
C,libero_spatial,6,ok,0,50,50,100.00,/media/fulei/jlu/libero_abc_spatial_50_per_task_20260906/C/libero_spatial/task-006,libero_abc_spatial_50_per_task_20260906/task_results.csv
C,libero_spatial,7,ok,0,50,47,94.00,/media/fulei/jlu/libero_abc_spatial_50_per_task_20260906/C/libero_spatial/task-007,libero_abc_spatial_50_per_task_20260906/task_results.csv
C,libero_spatial,8,ok,0,50,47,94.00,/media/fulei/jlu/libero_abc_spatial_50_per_task_20260906/C/libero_spatial/task-008,libero_abc_spatial_50_per_task_20260906/task_results.csv
C,libero_spatial,9,ok,0,50,48,96.00,/media/fulei/jlu/libero_abc_spatial_50_per_task_20260906/C/libero_spatial/task-009,libero_abc_spatial_50_per_task_20260906/task_results.csv
A,libero_10,0,ok,0,50,28,56.00,/media/fulei/jlu/libero10_abc_50_per_task_20260910/A/libero_10/task-000,libero10_abc_50_per_task_20260910/task_results.csv
A,libero_10,1,ok,0,50,47,94.00,/media/fulei/jlu/libero10_abc_50_per_task_20260910/A/libero_10/task-001,libero10_abc_50_per_task_20260910/task_results.csv
A,libero_10,2,ok,0,50,49,98.00,/media/fulei/jlu/libero10_abc_50_per_task_20260910/A/libero_10/task-002,libero10_abc_50_per_task_20260910/task_results.csv
A,libero_10,3,ok,0,50,46,92.00,/media/fulei/jlu/libero10_abc_50_per_task_20260910/A/libero_10/task-003,libero10_abc_50_per_task_20260910/task_results.csv
A,libero_10,4,ok,0,50,43,86.00,/media/fulei/jlu/libero10_abc_50_per_task_20260910/A/libero_10/task-004,libero10_abc_50_per_task_20260910/task_results.csv
A,libero_10,5,ok,0,50,46,92.00,/media/fulei/jlu/libero10_abc_50_per_task_20260910/A/libero_10/task-005,libero10_abc_50_per_task_20260910/task_results.csv
A,libero_10,6,ok,0,50,36,72.00,/media/fulei/jlu/libero10_abc_50_per_task_20260910/A/libero_10/task-006,libero10_abc_50_per_task_20260910/task_results.csv
A,libero_10,7,ok,0,50,45,90.00,/media/fulei/jlu/libero10_abc_50_per_task_20260910/A/libero_10/task-007,libero10_abc_50_per_task_20260910/task_results.csv
A,libero_10,8,ok,0,50,14,28.00,/media/fulei/jlu/libero10_abc_50_per_task_20260910/A/libero_10/task-008,libero10_abc_50_per_task_20260910/task_results.csv
A,libero_10,9,ok,0,50,35,70.00,/media/fulei/jlu/libero10_abc_50_per_task_20260910/A/libero_10/task-009,libero10_abc_50_per_task_20260910/task_results.csv
B,libero_10,0,ok,0,50,18,36.00,/media/fulei/jlu/libero10_abc_50_per_task_20260910/B/libero_10/task-000,libero10_abc_50_per_task_20260910/task_results.csv
B,libero_10,1,ok,0,50,47,94.00,/media/fulei/jlu/libero10_abc_50_per_task_20260910/B/libero_10/task-001,libero10_abc_50_per_task_20260910/task_results.csv
B,libero_10,2,ok,0,50,49,98.00,/media/fulei/jlu/libero10_abc_50_per_task_20260910/B/libero_10/task-002,libero10_abc_50_per_task_20260910/task_results.csv
B,libero_10,3,ok,0,50,32,64.00,/media/fulei/jlu/libero10_abc_50_per_task_20260910/B/libero_10/task-003,libero10_abc_50_per_task_20260910/task_results.csv
B,libero_10,4,ok,0,50,47,94.00,/media/fulei/jlu/libero10_abc_50_per_task_20260910/B/libero_10/task-004,libero10_abc_50_per_task_20260910/task_results.csv
B,libero_10,5,ok,0,50,45,90.00,/media/fulei/jlu/libero10_abc_50_per_task_20260910/B/libero_10/task-005,libero10_abc_50_per_task_20260910/task_results.csv
B,libero_10,6,ok,0,50,36,72.00,/media/fulei/jlu/libero10_abc_50_per_task_20260910/B/libero_10/task-006,libero10_abc_50_per_task_20260910/task_results.csv
B,libero_10,7,ok,0,50,46,92.00,/media/fulei/jlu/libero10_abc_50_per_task_20260910/B/libero_10/task-007,libero10_abc_50_per_task_20260910/task_results.csv
B,libero_10,8,ok,0,50,33,66.00,/media/fulei/jlu/libero10_abc_50_per_task_20260910/B/libero_10/task-008,libero10_abc_50_per_task_20260910/task_results.csv
B,libero_10,9,ok,0,50,44,88.00,/media/fulei/jlu/libero10_abc_50_per_task_20260910/B/libero_10/task-009,libero10_abc_50_per_task_20260910/task_results.csv
C,libero_10,0,ok,0,50,30,60.00,/media/fulei/jlu/libero10_abc_50_per_task_20260910/C/libero_10/task-000,libero10_abc_50_per_task_20260910/task_results.csv
C,libero_10,1,ok,0,50,47,94.00,/media/fulei/jlu/libero10_abc_50_per_task_20260910/C/libero_10/task-001,libero10_abc_50_per_task_20260910/task_results.csv
C,libero_10,2,ok,0,50,37,74.00,/media/fulei/jlu/libero10_abc_50_per_task_20260910/C/libero_10/task-002,libero10_abc_50_per_task_20260910/task_results.csv
C,libero_10,3,ok,0,50,38,76.00,/media/fulei/jlu/libero10_abc_50_per_task_20260910/C/libero_10/task-003,libero10_abc_50_per_task_20260910/task_results.csv
C,libero_10,4,ok,0,50,45,90.00,/media/fulei/jlu/libero10_abc_50_per_task_20260910/C/libero_10/task-004,libero10_abc_50_per_task_20260910/task_results.csv
C,libero_10,5,ok,0,50,45,90.00,/media/fulei/jlu/libero10_abc_50_per_task_20260910/C/libero_10/task-005,libero10_abc_50_per_task_20260910/task_results.csv
C,libero_10,6,ok,0,50,36,72.00,/media/fulei/jlu/libero10_abc_50_per_task_20260910/C/libero_10/task-006,libero10_abc_50_per_task_20260910/task_results.csv
C,libero_10,7,ok,0,50,46,92.00,/media/fulei/jlu/libero10_abc_50_per_task_20260910/C/libero_10/task-007,libero10_abc_50_per_task_20260910/task_results.csv
C,libero_10,8,ok,0,50,27,54.00,/media/fulei/jlu/libero10_abc_50_per_task_20260910/C/libero_10/task-008,libero10_abc_50_per_task_20260910/task_results.csv
C,libero_10,9,ok,0,50,37,74.00,/media/fulei/jlu/libero10_abc_50_per_task_20260910/C/libero_10/task-009,libero10_abc_50_per_task_20260910/task_results.csv
