2026/09/28 13:49:22.881, 0, 0
2026/09/28 13:49:22.881, 1, 0
2026/09/28 13:49:22.881, 2, 0
2026/09/28 13:49:22.882, 3, 0
2026/09/28 13:49:23.882, 0, 0
2026/09/28 13:49:23.882, 1, 0
2026/09/28 13:49:23.882, 2, 0
2026/09/28 13:49:23.882, 3, 0
2026/09/28 13:49:24.882, 0, 0
2026/09/28 13:49:24.882, 1, 0
2026/09/28 13:49:24.882, 2, 0
2026/09/28 13:49:24.882, 3, 0
2026/09/28 13:49:25.882, 0, 0
2026/09/28 13:49:25.882, 1, 0
2026/09/28 13:49:25.882, 2, 0
2026/09/28 13:49:25.882, 3, 0
2026/09/28 13:49:26.882, 0, 0
2026/09/28 13:49:26.882, 1, 0
2026/09/28 13:49:26.882, 2, 0
2026/09/28 13:49:26.882, 3, 0
2026/09/28 13:49:27.882, 0, 0
2026/09/28 13:49:27.882, 1, 0
2026/09/28 13:49:27.882, 2, 0
2026/09/28 13:49:27.882, 3, 0
2026/09/28 13:49:28.882, 0, 0
2026/09/28 13:49:28.883, 1, 0
2026/09/28 13:49:28.883, 2, 0
2026/09/28 13:49:28.883, 3, 0
2026/09/28 13:49:29.883, 0, 3
2026/09/28 13:49:29.883, 1, 28
2026/09/28 13:49:29.883, 2, 28
2026/09/28 13:49:29.883, 3, 24
2026/09/28 13:49:30.883, 0, 3
2026/09/28 13:49:30.883, 1, 420
2026/09/28 13:49:30.883, 2, 420
2026/09/28 13:49:30.883, 3, 420
2026/09/28 13:49:31.883, 0, 3
2026/09/28 13:49:31.883, 1, 420
2026/09/28 13:49:31.883, 2, 420
2026/09/28 13:49:31.883, 3, 420
2026/09/28 13:49:32.883, 0, 3
2026/09/28 13:49:32.883, 1, 420
2026/09/28 13:49:32.883, 2, 420
2026/09/28 13:49:32.883, 3, 420
2026/09/28 13:49:33.883, 0, 3
2026/09/28 13:49:33.883, 1, 420
2026/09/28 13:49:33.883, 2, 420
2026/09/28 13:49:33.883, 3, 420
2026/09/28 13:49:34.884, 0, 3
2026/09/28 13:49:34.884, 1, 420
2026/09/28 13:49:34.884, 2, 420
2026/09/28 13:49:34.884, 3, 420
2026/09/28 13:49:35.884, 0, 3
2026/09/28 13:49:35.884, 1, 420
2026/09/28 13:49:35.884, 2, 420
2026/09/28 13:49:35.884, 3, 420
2026/09/28 13:49:36.884, 0, 3
2026/09/28 13:49:36.884, 1, 420
2026/09/28 13:49:36.884, 2, 420
2026/09/28 13:49:36.884, 3, 420
2026/09/28 13:49:37.884, 0, 3
2026/09/28 13:49:37.884, 1, 420
2026/09/28 13:49:37.884, 2, 420
2026/09/28 13:49:37.884, 3, 420
2026/09/28 13:49:38.884, 0, 3
2026/09/28 13:49:38.884, 1, 420
2026/09/28 13:49:38.884, 2, 420
2026/09/28 13:49:38.884, 3, 420
2026/09/28 13:49:39.884, 0, 3
2026/09/28 13:49:39.885, 1, 420
2026/09/28 13:49:39.885, 2, 420
2026/09/28 13:49:39.885, 3, 420
2026/09/28 13:49:40.885, 0, 3
2026/09/28 13:49:40.885, 1, 420
2026/09/28 13:49:40.885, 2, 420
2026/09/28 13:49:40.885, 3, 420
2026/09/28 13:49:41.885, 0, 3
2026/09/28 13:49:41.885, 1, 420
2026/09/28 13:49:41.885, 2, 420
2026/09/28 13:49:41.885, 3, 420
2026/09/28 13:49:42.885, 0, 3
2026/09/28 13:49:42.885, 1, 420
2026/09/28 13:49:42.885, 2, 420
2026/09/28 13:49:42.885, 3, 420
2026/09/28 13:49:43.885, 0, 3
2026/09/28 13:49:43.885, 1, 420
2026/09/28 13:49:43.885, 2, 420
2026/09/28 13:49:43.885, 3, 420
2026/09/28 13:49:44.885, 0, 3
2026/09/28 13:49:44.885, 1, 420
2026/09/28 13:49:44.885, 2, 420
2026/09/28 13:49:44.885, 3, 420
2026/09/28 13:49:45.885, 0, 490
2026/09/28 13:49:45.885, 1, 490
2026/09/28 13:49:45.886, 2, 490
2026/09/28 13:49:45.886, 3, 420
2026/09/28 13:49:46.886, 0, 1068
2026/09/28 13:49:46.886, 1, 1164
2026/09/28 13:49:46.886, 2, 1164
2026/09/28 13:49:46.886, 3, 1068
2026/09/28 13:49:47.886, 0, 1068
2026/09/28 13:49:47.886, 1, 1164
2026/09/28 13:49:47.886, 2, 1164
2026/09/28 13:49:47.886, 3, 1068
2026/09/28 13:49:48.886, 0, 1068
2026/09/28 13:49:48.886, 1, 1164
2026/09/28 13:49:48.886, 2, 1164
2026/09/28 13:49:48.886, 3, 1068
2026/09/28 13:49:49.886, 0, 1068
2026/09/28 13:49:49.886, 1, 1164
2026/09/28 13:49:49.886, 2, 1164
2026/09/28 13:49:49.886, 3, 1068
2026/09/28 13:49:50.886, 0, 842
2026/09/28 13:49:50.886, 1, 1164
2026/09/28 13:49:50.886, 2, 938
2026/09/28 13:49:50.886, 3, 1068
2026/09/28 13:49:51.886, 0, 0
2026/09/28 13:49:51.887, 1, 0
2026/09/28 13:49:51.887, 2, 0
2026/09/28 13:49:51.887, 3, 0
2026/09/28 13:49:52.887, 0, 0
2026/09/28 13:49:52.887, 1, 0
2026/09/28 13:49:52.887, 2, 0
2026/09/28 13:49:52.887, 3, 0
2026/09/28 13:49:53.887, 0, 0
2026/09/28 13:49:53.887, 1, 0
2026/09/28 13:49:53.887, 2, 0
2026/09/28 13:49:53.887, 3, 0
2026/09/28 13:49:54.887, 0, 0
2026/09/28 13:49:54.887, 1, 0
2026/09/28 13:49:54.887, 2, 0
2026/09/28 13:49:54.887, 3, 0
