model,task_name,runtime_task_index,initial_state_id,hard_case,success,policy_calls,timeout,success_phase,reached_full_occlusion,reached_recovery,recovery_success
C1,pick up the black bowl next to the plate and place it on the plate,8,0,temporal_occlusion,False,28,True,,True,True,False
C1,pick up the black bowl next to the plate and place it on the plate,8,1,temporal_occlusion,False,28,True,,True,True,False
C1,pick up the black bowl next to the plate and place it on the plate,8,2,temporal_occlusion,False,28,True,,True,True,False
C1,pick up the black bowl next to the plate and place it on the plate,8,3,temporal_occlusion,False,28,True,,True,True,False
C1,pick up the black bowl next to the plate and place it on the plate,8,4,temporal_occlusion,False,28,True,,True,True,False
C1,pick up the black bowl next to the plate and place it on the plate,8,5,temporal_occlusion,False,28,True,,True,True,False
C1,pick up the black bowl next to the plate and place it on the plate,8,6,temporal_occlusion,False,28,True,,True,True,False
C1,pick up the black bowl next to the plate and place it on the plate,8,7,temporal_occlusion,False,28,True,,True,True,False
C1,pick up the black bowl next to the plate and place it on the plate,8,8,temporal_occlusion,False,28,True,,True,True,False
C1,pick up the black bowl next to the plate and place it on the plate,8,9,temporal_occlusion,False,28,True,,True,True,False
C1,pick up the black bowl next to the plate and place it on the plate,8,10,temporal_occlusion,False,28,True,,True,True,False
C1,pick up the black bowl next to the plate and place it on the plate,8,11,temporal_occlusion,True,25,False,recovered_visible,True,True,True
C1,pick up the black bowl next to the plate and place it on the plate,8,12,temporal_occlusion,False,28,True,,True,True,False
C1,pick up the black bowl next to the plate and place it on the plate,8,13,temporal_occlusion,False,28,True,,True,True,False
C1,pick up the black bowl next to the plate and place it on the plate,8,14,temporal_occlusion,True,25,False,recovered_visible,True,True,True
C1,pick up the black bowl next to the plate and place it on the plate,8,15,temporal_occlusion,False,28,True,,True,True,False
C1,pick up the black bowl next to the plate and place it on the plate,8,16,temporal_occlusion,False,28,True,,True,True,False
C1,pick up the black bowl next to the plate and place it on the plate,8,17,temporal_occlusion,False,28,True,,True,True,False
C1,pick up the black bowl next to the plate and place it on the plate,8,18,temporal_occlusion,False,28,True,,True,True,False
C1,pick up the black bowl next to the plate and place it on the plate,8,19,temporal_occlusion,False,28,True,,True,True,False
C1,pick up the black bowl next to the plate and place it on the plate,8,20,temporal_occlusion,True,26,False,recovered_visible,True,True,True
C1,pick up the black bowl next to the plate and place it on the plate,8,21,temporal_occlusion,True,26,False,recovered_visible,True,True,True
C1,pick up the black bowl next to the plate and place it on the plate,8,22,temporal_occlusion,False,28,True,,True,True,False
C1,pick up the black bowl next to the plate and place it on the plate,8,23,temporal_occlusion,False,28,True,,True,True,False
C1,pick up the black bowl next to the plate and place it on the plate,8,24,temporal_occlusion,True,25,False,recovered_visible,True,True,True
C1,pick up the black bowl next to the plate and place it on the plate,8,25,temporal_occlusion,False,28,True,,True,True,False
C1,pick up the black bowl next to the plate and place it on the plate,8,26,temporal_occlusion,False,28,True,,True,True,False
C1,pick up the black bowl next to the plate and place it on the plate,8,27,temporal_occlusion,True,27,False,recovered_visible,True,True,True
C1,pick up the black bowl next to the plate and place it on the plate,8,28,temporal_occlusion,False,28,True,,True,True,False
C1,pick up the black bowl next to the plate and place it on the plate,8,29,temporal_occlusion,False,28,True,,True,True,False
C1,pick up the black bowl next to the plate and place it on the plate,8,30,temporal_occlusion,False,28,True,,True,True,False
C1,pick up the black bowl next to the plate and place it on the plate,8,31,temporal_occlusion,False,28,True,,True,True,False
C1,pick up the black bowl next to the plate and place it on the plate,8,32,temporal_occlusion,False,28,True,,True,True,False
C1,pick up the black bowl next to the plate and place it on the plate,8,33,temporal_occlusion,False,28,True,,True,True,False
C1,pick up the black bowl next to the plate and place it on the plate,8,34,temporal_occlusion,False,28,True,,True,True,False
C1,pick up the black bowl next to the plate and place it on the plate,8,35,temporal_occlusion,False,28,True,,True,True,False
C1,pick up the black bowl next to the plate and place it on the plate,8,36,temporal_occlusion,False,28,True,,True,True,False
C1,pick up the black bowl next to the plate and place it on the plate,8,37,temporal_occlusion,False,28,True,,True,True,False
C1,pick up the black bowl next to the plate and place it on the plate,8,38,temporal_occlusion,True,25,False,recovered_visible,True,True,True
C1,pick up the black bowl next to the plate and place it on the plate,8,39,temporal_occlusion,False,28,True,,True,True,False
C1,pick up the black bowl next to the plate and place it on the plate,8,40,temporal_occlusion,False,28,True,,True,True,False
C1,pick up the black bowl next to the plate and place it on the plate,8,41,temporal_occlusion,False,28,True,,True,True,False
C1,pick up the black bowl next to the plate and place it on the plate,8,42,temporal_occlusion,True,25,False,recovered_visible,True,True,True
C1,pick up the black bowl next to the plate and place it on the plate,8,43,temporal_occlusion,False,28,True,,True,True,False
C1,pick up the black bowl next to the plate and place it on the plate,8,44,temporal_occlusion,False,28,True,,True,True,False
C1,pick up the black bowl next to the plate and place it on the plate,8,45,temporal_occlusion,False,28,True,,True,True,False
C1,pick up the black bowl next to the plate and place it on the plate,8,46,temporal_occlusion,False,28,True,,True,True,False
C1,pick up the black bowl next to the plate and place it on the plate,8,47,temporal_occlusion,False,28,True,,True,True,False
C1,pick up the black bowl next to the plate and place it on the plate,8,48,temporal_occlusion,False,28,True,,True,True,False
C1,pick up the black bowl next to the plate and place it on the plate,8,49,temporal_occlusion,True,26,False,recovered_visible,True,True,True
