2026/09/28 13:50:56.728, 0, 0
2026/09/28 13:50:56.728, 1, 0
2026/09/28 13:50:56.728, 2, 0
2026/09/28 13:50:56.728, 3, 0
2026/09/28 13:50:57.728, 0, 0
2026/09/28 13:50:57.728, 1, 0
2026/09/28 13:50:57.728, 2, 0
2026/09/28 13:50:57.728, 3, 0
2026/09/28 13:50:58.728, 0, 0
2026/09/28 13:50:58.728, 1, 0
2026/09/28 13:50:58.728, 2, 0
2026/09/28 13:50:58.728, 3, 0
2026/09/28 13:50:59.728, 0, 0
2026/09/28 13:50:59.728, 1, 0
2026/09/28 13:50:59.728, 2, 0
2026/09/28 13:50:59.728, 3, 0
2026/09/28 13:51:00.728, 0, 0
2026/09/28 13:51:00.728, 1, 0
2026/09/28 13:51:00.728, 2, 0
2026/09/28 13:51:00.728, 3, 0
2026/09/28 13:51:01.729, 0, 3
2026/09/28 13:51:01.729, 1, 420
2026/09/28 13:51:01.729, 2, 420
2026/09/28 13:51:01.729, 3, 420
2026/09/28 13:51:02.729, 0, 3
2026/09/28 13:51:02.729, 1, 420
2026/09/28 13:51:02.729, 2, 420
2026/09/28 13:51:02.729, 3, 420
2026/09/28 13:51:03.729, 0, 3
2026/09/28 13:51:03.729, 1, 420
2026/09/28 13:51:03.729, 2, 420
2026/09/28 13:51:03.729, 3, 420
2026/09/28 13:51:04.729, 0, 3
2026/09/28 13:51:04.729, 1, 420
2026/09/28 13:51:04.729, 2, 420
2026/09/28 13:51:04.729, 3, 420
2026/09/28 13:51:05.729, 0, 3
2026/09/28 13:51:05.729, 1, 420
2026/09/28 13:51:05.729, 2, 420
2026/09/28 13:51:05.729, 3, 420
2026/09/28 13:51:06.729, 0, 3
2026/09/28 13:51:06.729, 1, 420
2026/09/28 13:51:06.729, 2, 420
2026/09/28 13:51:06.729, 3, 420
2026/09/28 13:51:07.729, 0, 3
2026/09/28 13:51:07.730, 1, 420
2026/09/28 13:51:07.730, 2, 420
2026/09/28 13:51:07.730, 3, 420
2026/09/28 13:51:08.730, 0, 3
2026/09/28 13:51:08.730, 1, 420
2026/09/28 13:51:08.730, 2, 420
2026/09/28 13:51:08.730, 3, 420
2026/09/28 13:51:09.730, 0, 3
2026/09/28 13:51:09.730, 1, 420
2026/09/28 13:51:09.730, 2, 420
2026/09/28 13:51:09.730, 3, 420
2026/09/28 13:51:10.730, 0, 490
2026/09/28 13:51:10.735, 1, 490
2026/09/28 13:51:10.736, 2, 490
2026/09/28 13:51:10.736, 3, 490
2026/09/28 13:51:11.737, 0, 1068
2026/09/28 13:51:11.737, 1, 1164
2026/09/28 13:51:11.737, 2, 1164
2026/09/28 13:51:11.737, 3, 1068
2026/09/28 13:51:12.737, 0, 1068
2026/09/28 13:51:12.737, 1, 1164
2026/09/28 13:51:12.737, 2, 1164
2026/09/28 13:51:12.737, 3, 1068
2026/09/28 13:51:13.737, 0, 1068
2026/09/28 13:51:13.737, 1, 1164
2026/09/28 13:51:13.737, 2, 1164
2026/09/28 13:51:13.737, 3, 1068
2026/09/28 13:51:14.737, 0, 1068
2026/09/28 13:51:14.737, 1, 1164
2026/09/28 13:51:14.737, 2, 1164
2026/09/28 13:51:14.737, 3, 1068
2026/09/28 13:51:15.738, 0, 554
2026/09/28 13:51:15.738, 1, 746
2026/09/28 13:51:15.738, 2, 1164
2026/09/28 13:51:15.738, 3, 746
2026/09/28 13:51:16.738, 0, 0
2026/09/28 13:51:16.738, 1, 0
2026/09/28 13:51:16.738, 2, 0
2026/09/28 13:51:16.738, 3, 0
2026/09/28 13:51:17.738, 0, 0
2026/09/28 13:51:17.738, 1, 0
2026/09/28 13:51:17.738, 2, 0
2026/09/28 13:51:17.738, 3, 0
2026/09/28 13:51:18.738, 0, 0
2026/09/28 13:51:18.738, 1, 0
2026/09/28 13:51:18.738, 2, 0
2026/09/28 13:51:18.738, 3, 0
