model,task_name,runtime_task_index,initial_state_id,success,policy_calls,timeout
,pick up the book and place it in the back compartment of the caddy,5,0,True,24,False
,pick up the book and place it in the back compartment of the caddy,5,1,True,23,False
,pick up the book and place it in the back compartment of the caddy,5,2,True,21,False
,pick up the book and place it in the back compartment of the caddy,5,3,True,23,False
,pick up the book and place it in the back compartment of the caddy,5,4,True,22,False
,pick up the book and place it in the back compartment of the caddy,5,5,True,26,False
,pick up the book and place it in the back compartment of the caddy,5,6,True,21,False
,pick up the book and place it in the back compartment of the caddy,5,7,True,24,False
,pick up the book and place it in the back compartment of the caddy,5,8,True,23,False
,pick up the book and place it in the back compartment of the caddy,5,9,True,21,False
,pick up the book and place it in the back compartment of the caddy,5,10,True,25,False
,pick up the book and place it in the back compartment of the caddy,5,11,True,21,False
,pick up the book and place it in the back compartment of the caddy,5,12,True,21,False
,pick up the book and place it in the back compartment of the caddy,5,13,True,23,False
,pick up the book and place it in the back compartment of the caddy,5,14,True,28,False
,pick up the book and place it in the back compartment of the caddy,5,15,True,19,False
,pick up the book and place it in the back compartment of the caddy,5,16,True,20,False
,pick up the book and place it in the back compartment of the caddy,5,17,True,22,False
,pick up the book and place it in the back compartment of the caddy,5,18,False,65,True
,pick up the book and place it in the back compartment of the caddy,5,19,True,26,False
,pick up the book and place it in the back compartment of the caddy,5,20,True,24,False
,pick up the book and place it in the back compartment of the caddy,5,21,True,23,False
,pick up the book and place it in the back compartment of the caddy,5,22,True,21,False
,pick up the book and place it in the back compartment of the caddy,5,23,True,21,False
,pick up the book and place it in the back compartment of the caddy,5,24,True,37,False
,pick up the book and place it in the back compartment of the caddy,5,25,True,28,False
,pick up the book and place it in the back compartment of the caddy,5,26,True,20,False
,pick up the book and place it in the back compartment of the caddy,5,27,True,25,False
,pick up the book and place it in the back compartment of the caddy,5,28,False,65,True
,pick up the book and place it in the back compartment of the caddy,5,29,True,23,False
,pick up the book and place it in the back compartment of the caddy,5,30,True,23,False
,pick up the book and place it in the back compartment of the caddy,5,31,True,28,False
,pick up the book and place it in the back compartment of the caddy,5,32,True,24,False
,pick up the book and place it in the back compartment of the caddy,5,33,True,25,False
,pick up the book and place it in the back compartment of the caddy,5,34,True,23,False
,pick up the book and place it in the back compartment of the caddy,5,35,True,23,False
,pick up the book and place it in the back compartment of the caddy,5,36,True,27,False
,pick up the book and place it in the back compartment of the caddy,5,37,True,20,False
,pick up the book and place it in the back compartment of the caddy,5,38,True,22,False
,pick up the book and place it in the back compartment of the caddy,5,39,True,31,False
,pick up the book and place it in the back compartment of the caddy,5,40,False,65,True
,pick up the book and place it in the back compartment of the caddy,5,41,True,23,False
,pick up the book and place it in the back compartment of the caddy,5,42,True,26,False
,pick up the book and place it in the back compartment of the caddy,5,43,False,65,True
,pick up the book and place it in the back compartment of the caddy,5,44,True,24,False
,pick up the book and place it in the back compartment of the caddy,5,45,True,26,False
,pick up the book and place it in the back compartment of the caddy,5,46,True,22,False
,pick up the book and place it in the back compartment of the caddy,5,47,True,26,False
,pick up the book and place it in the back compartment of the caddy,5,48,True,25,False
,pick up the book and place it in the back compartment of the caddy,5,49,True,25,False
