checkpoint,condition,episode_id,timestep,action_loss,offline_success_proxy,history_size,cog_alpha,per_alpha,occluded
C1,normal,152,171,0.04817958176136017,1,0.0,0.657961368560791,0.5445728302001953,0
C1,normal,152,172,0.04817958176136017,1,1.0,0.7963193655014038,0.5977186560630798,0
C1,normal,152,173,0.04817958176136017,1,1.0,0.7965375185012817,0.5977413058280945,0
C1,normal,152,174,0.04817958176136017,1,1.0,0.7964382171630859,0.5977709889411926,0
C1,normal,152,175,0.04817958176136017,1,1.0,0.7963927388191223,0.5977507829666138,0
C1,normal,152,176,0.04817958176136017,1,1.0,0.7963448762893677,0.5976925492286682,0
C1,normal,152,177,0.04817958176136017,1,1.0,0.7964680194854736,0.5976919531822205,0
C1,normal,152,178,0.04817958176136017,1,1.0,0.7964165210723877,0.5977590084075928,0
C1,normal,152,179,0.08084578812122345,1,1.0,0.7963755130767822,0.5978583097457886,0
C1,normal,152,180,0.08084578812122345,1,1.0,0.796661376953125,0.5980315804481506,0
C1,normal,152,181,0.08084578812122345,1,1.0,0.7965163588523865,0.5977770090103149,0
C1,normal,152,182,0.08084578812122345,1,1.0,0.7964046597480774,0.597892165184021,0
C1,normal,152,183,0.08084578812122345,1,1.0,0.7964208722114563,0.5977823138237,0
C1,normal,152,184,0.08084578812122345,1,1.0,0.7968631386756897,0.5980416536331177,0
C1,normal,152,185,0.08084578812122345,1,1.0,0.7966974973678589,0.5978409051895142,0
C1,normal,152,186,0.08084578812122345,1,1.0,0.7970107793807983,0.5981582403182983,0
C1,occlusion,152,171,0.09590117633342743,1,0.0,0.657961368560791,0.5445728302001953,0
C1,occlusion,152,172,0.09590117633342743,1,1.0,0.7963193655014038,0.5977186560630798,0
C1,occlusion,152,173,0.09590117633342743,1,1.0,0.7965375185012817,0.5977413058280945,0
C1,occlusion,152,174,0.09590117633342743,1,1.0,0.7964382171630859,0.5977709889411926,0
C1,occlusion,152,175,0.09590117633342743,1,1.0,0.7963927388191223,0.5977507829666138,0
C1,occlusion,152,176,0.09590117633342743,1,1.0,0.7963448762893677,0.5976925492286682,0
C1,occlusion,152,177,0.09590117633342743,1,1.0,0.7964680194854736,0.5976919531822205,0
C1,occlusion,152,178,0.09590117633342743,1,1.0,0.7964165210723877,0.5977590084075928,0
C1,occlusion,152,179,0.041776105761528015,1,1.0,0.7963755130767822,0.5978583097457886,0
C1,occlusion,152,180,0.041776105761528015,1,1.0,0.796661376953125,0.5980315804481506,0
C1,occlusion,152,181,0.041776105761528015,1,1.0,0.7965163588523865,0.5977770090103149,0
C1,occlusion,152,182,0.041776105761528015,1,1.0,0.7964046597480774,0.597892165184021,0
C1,occlusion,152,183,0.041776105761528015,1,1.0,0.7964208722114563,0.5977823138237,0
C1,occlusion,152,184,0.041776105761528015,1,1.0,0.7968631386756897,0.5980416536331177,0
C1,occlusion,152,185,0.041776105761528015,1,1.0,0.7966974973678589,0.5978409051895142,0
C1,occlusion,152,186,0.041776105761528015,1,1.0,0.7970107793807983,0.5981582403182983,0
