episode_id,timestep,occlusion_flag,occlusion_strength,history_size,cog_alpha_mean,cog_alpha_std,per_alpha_mean,per_alpha_std
0,0,False,0.0,0,0.7269558906555176,0.182085320353508,0.5023348331451416,0.0034540288615971804
0,1,False,0.0,1,0.8044373393058777,0.25286248326301575,0.5075356960296631,0.014672192744910717
0,2,False,0.0,1,0.8059519529342651,0.25161078572273254,0.5074741840362549,0.01482713595032692
0,3,False,0.0,1,0.8067675828933716,0.2502517104148865,0.5078977346420288,0.014689075760543346
0,4,False,0.0,1,0.8071494698524475,0.24913978576660156,0.5082105994224548,0.01457085832953453
0,5,False,0.0,1,0.8074134588241577,0.24891255795955658,0.5079121589660645,0.014637371525168419
0,6,False,0.0,1,0.8075989484786987,0.24863232672214508,0.5073906183242798,0.014619464054703712
0,7,False,0.0,1,0.8073781728744507,0.24856823682785034,0.5068074464797974,0.01446286216378212
0,8,False,0.0,1,0.8075286149978638,0.2479700744152069,0.5086945295333862,0.014122980646789074
0,9,False,0.0,1,0.8060004711151123,0.24828077852725983,0.5097582340240479,0.014004452154040337
0,10,False,0.0,1,0.8034520745277405,0.24887552857398987,0.5100851058959961,0.013899628072977066
0,11,False,0.0,1,0.8030552864074707,0.24879823625087738,0.5114685893058777,0.013904744759202003
0,12,False,0.0,1,0.802362859249115,0.24945923686027527,0.5113800168037415,0.013978066854178905
0,13,False,0.0,1,0.802302360534668,0.2499573826789856,0.5110909938812256,0.013946708291769028
0,14,False,0.0,1,0.8017464876174927,0.2506447732448578,0.5104424953460693,0.013812082819640636
0,15,False,0.0,1,0.8016939163208008,0.2511201500892639,0.5101014971733093,0.01392547506839037
0,16,False,0.0,1,0.8025672435760498,0.2510925233364105,0.5098332166671753,0.014591622166335583
0,17,False,0.0,1,0.8013816475868225,0.25207948684692383,0.5099650025367737,0.014523285441100597
0,18,False,0.0,1,0.8004434108734131,0.25321975350379944,0.5102407932281494,0.014499109238386154
0,19,False,0.0,1,0.7989426851272583,0.2540645897388458,0.5103307962417603,0.014512996189296246
0,20,False,0.0,1,0.7986595630645752,0.25412750244140625,0.5100009441375732,0.014426752924919128
0,21,False,0.0,1,0.797562837600708,0.25469550490379333,0.5097795724868774,0.014416990801692009
0,22,False,0.0,1,0.796174943447113,0.2555220425128937,0.5101500749588013,0.014400247484445572
0,23,False,0.0,1,0.7942013740539551,0.2568202316761017,0.5094807744026184,0.014352182857692242
0,24,False,0.0,1,0.7922625541687012,0.2584376037120819,0.5088937878608704,0.014581739902496338
0,25,False,0.0,1,0.7900148034095764,0.2596572935581207,0.5094003677368164,0.014655664563179016
0,26,False,0.0,1,0.788530707359314,0.26094678044319153,0.509893536567688,0.014707346446812153
0,27,False,0.0,1,0.7875888347625732,0.2621181011199951,0.5108445882797241,0.014741924591362476
0,28,False,0.0,1,0.7872463464736938,0.2630220353603363,0.5112965106964111,0.01464476902037859
0,29,False,0.0,1,0.784437358379364,0.266478031873703,0.5115001201629639,0.014584135264158249
0,30,False,0.0,1,0.782423734664917,0.26831039786338806,0.511431097984314,0.014572142623364925
0,31,False,0.0,1,0.7804921865463257,0.2704198956489563,0.5112481117248535,0.014520258642733097
0,32,False,0.0,1,0.7793457508087158,0.2718685269355774,0.5110132694244385,0.014844220131635666
0,33,False,0.0,1,0.7792061567306519,0.2733401358127594,0.5108503103256226,0.014887763187289238
0,34,False,0.0,1,0.7792599201202393,0.2746283710002899,0.5106479525566101,0.014889952726662159
0,35,False,0.0,1,0.7785477638244629,0.2758793234825134,0.5109577775001526,0.01497142668813467
0,36,False,0.0,1,0.7776364088058472,0.2769015431404114,0.5114246606826782,0.015018622390925884
0,37,False,0.0,1,0.7771717309951782,0.27769935131073,0.5117888450622559,0.014976372942328453
0,38,False,0.0,1,0.7762565016746521,0.2785632014274597,0.5120025873184204,0.014993452467024326
0,39,False,0.0,1,0.7764180898666382,0.278216689825058,0.512090802192688,0.015047123655676842
0,40,False,0.0,1,0.7770429849624634,0.2773509621620178,0.511884331703186,0.015207500196993351
0,41,False,0.0,1,0.7785259485244751,0.27591657638549805,0.5116990804672241,0.015089602209627628
0,42,False,0.0,1,0.7793693542480469,0.2749551236629486,0.5115000605583191,0.015060316771268845
0,43,False,0.0,1,0.7803479433059692,0.27403950691223145,0.5118345022201538,0.014957832172513008
0,44,False,0.0,1,0.7799704074859619,0.2732200026512146,0.5120235681533813,0.014924315735697746
0,45,False,0.0,1,0.7785630822181702,0.2727442979812622,0.5119330883026123,0.014900024980306625
0,46,False,0.0,1,0.7756942510604858,0.27423563599586487,0.5117183923721313,0.014870201237499714
0,47,False,0.0,1,0.7754902839660645,0.27362486720085144,0.5115557909011841,0.01496852282434702
0,48,False,0.0,1,0.7738277912139893,0.2751448452472687,0.5107338428497314,0.01516086794435978
0,49,False,0.0,1,0.7732934951782227,0.2755815088748932,0.5108011960983276,0.015173190273344517
0,50,False,0.0,1,0.7731433510780334,0.27418747544288635,0.5102304220199585,0.01496980618685484
0,51,False,0.0,1,0.7737182974815369,0.27293646335601807,0.5105632543563843,0.014898215420544147
0,52,False,0.0,1,0.775579571723938,0.27167412638664246,0.5104045271873474,0.014773689210414886
0,53,False,0.0,1,0.7765488028526306,0.27130553126335144,0.5101027488708496,0.01483158115297556
0,54,False,0.0,1,0.7774206399917603,0.27153199911117554,0.5098269581794739,0.01490588765591383
0,55,False,0.0,1,0.777946949005127,0.2723921239376068,0.5099875926971436,0.014925334602594376
0,56,False,0.0,1,0.7782819867134094,0.2731367349624634,0.5089751482009888,0.015227368101477623
0,57,False,0.0,1,0.7786193490028381,0.27429983019828796,0.5088162422180176,0.015263382345438004
0,58,False,0.0,1,0.7791435718536377,0.27402687072753906,0.5088684558868408,0.01533915102481842
0,59,False,0.0,1,0.7798866033554077,0.27260246872901917,0.5086080431938171,0.015421072952449322
0,60,False,0.0,1,0.7810890674591064,0.27132245898246765,0.5087475776672363,0.015411654487252235
0,61,False,0.0,1,0.7813934087753296,0.2705300748348236,0.5088030099868774,0.015531021170318127
0,62,False,0.0,1,0.7819080352783203,0.27010974287986755,0.5087516903877258,0.01557840034365654
0,63,False,0.0,1,0.7830493450164795,0.2696187496185303,0.5086096525192261,0.015726368874311447
0,64,False,0.0,1,0.7835586071014404,0.26944178342819214,0.5078163146972656,0.01597694121301174
0,65,False,0.0,1,0.7839010953903198,0.26926201581954956,0.507892370223999,0.01596515253186226
0,66,False,0.0,1,0.7845478057861328,0.26934561133384705,0.5074763298034668,0.016186591237783432
0,67,False,0.0,1,0.7846415042877197,0.2683095633983612,0.50745689868927,0.016160251572728157
0,68,False,0.0,1,0.784508228302002,0.26753759384155273,0.507244348526001,0.016304707154631615
0,69,False,0.0,1,0.7853803634643555,0.26680788397789,0.50731360912323,0.0161935742944479
0,70,False,0.0,1,0.7864507436752319,0.2658745348453522,0.507331132888794,0.01624157652258873
0,71,False,0.0,1,0.7866765856742859,0.265163391828537,0.5075210332870483,0.01632567122578621
0,72,False,0.0,1,0.7869242429733276,0.26539018750190735,0.5071492195129395,0.016360729932785034
0,73,False,0.0,1,0.78598952293396,0.26631200313568115,0.5068180561065674,0.016178512945771217
0,74,False,0.0,1,0.7852410078048706,0.2671317756175995,0.5069857835769653,0.016001982614398003
0,75,False,0.0,1,0.7841979265213013,0.2677823603153229,0.5070436000823975,0.015954742208123207
0,76,False,0.0,1,0.7825201749801636,0.269465833902359,0.5070126056671143,0.015831194818019867
0,77,False,0.0,1,0.7811285257339478,0.2700898349285126,0.5070640444755554,0.015839388594031334
0,78,False,0.0,1,0.7795453071594238,0.2712298035621643,0.5074006915092468,0.01584191992878914
0,79,False,0.0,1,0.7788466215133667,0.2717389166355133,0.5078239440917969,0.01579432189464569
0,80,False,0.0,1,0.7767393589019775,0.27224597334861755,0.5076302886009216,0.015919022262096405
0,81,False,0.0,1,0.7756723165512085,0.2719850242137909,0.5080793499946594,0.016109691932797432
0,82,False,0.0,1,0.7733818292617798,0.2730197608470917,0.508270263671875,0.016124121844768524
0,83,False,0.0,1,0.7721245288848877,0.2738974988460541,0.5087189674377441,0.016077563166618347
0,84,False,0.0,1,0.772147536277771,0.2745577096939087,0.5088164806365967,0.01610909029841423
0,85,False,0.0,1,0.7722716331481934,0.27494877576828003,0.5089338421821594,0.016178088262677193
0,86,False,0.0,1,0.773118257522583,0.2747214734554291,0.508797287940979,0.01622353121638298
0,87,False,0.0,1,0.7740387320518494,0.27416542172431946,0.5084929466247559,0.016298431903123856
0,88,False,0.0,1,0.7740013003349304,0.2738707363605499,0.5083295106887817,0.016342760995030403
0,89,False,0.0,1,0.774273157119751,0.27424460649490356,0.5077610015869141,0.016195157542824745
0,90,False,0.0,1,0.7736127376556396,0.2754051089286804,0.5080900192260742,0.016197029501199722
0,91,False,0.0,1,0.7742167711257935,0.27577248215675354,0.508026659488678,0.01613578200340271
0,92,False,0.0,1,0.774020791053772,0.27507296204566956,0.5081356167793274,0.016164779663085938
0,93,False,0.0,1,0.7747097015380859,0.2739986777305603,0.507942795753479,0.016173016279935837
0,94,False,0.0,1,0.7759295701980591,0.2719535529613495,0.5080479979515076,0.016237467527389526
0,95,False,0.0,1,0.7765380144119263,0.26995834708213806,0.508319616317749,0.016202647238969803
0,96,False,0.0,1,0.7777620553970337,0.26993072032928467,0.5085800886154175,0.016242606565356255
0,97,False,0.0,1,0.7774690389633179,0.26885053515434265,0.5086702704429626,0.01611010916531086
0,98,False,0.0,1,0.7790878415107727,0.26795563101768494,0.5090333819389343,0.016137270256876945
0,99,False,0.0,1,0.780967116355896,0.2662961184978485,0.5083422660827637,0.016071803867816925
0,100,False,0.0,1,0.7814657688140869,0.26548293232917786,0.5085487365722656,0.016008086502552032
1,0,False,0.0,0,0.7328331470489502,0.17210498452186584,0.503032922744751,0.004604463465511799
1,1,False,0.0,1,0.8130685687065125,0.2175292670726776,0.5084859728813171,0.016170214861631393
1,2,False,0.0,1,0.8153669238090515,0.22043347358703613,0.5080918073654175,0.01624228060245514
1,3,False,0.0,1,0.8195913434028625,0.22871974110603333,0.5094119906425476,0.016135673969984055
1,4,False,0.0,1,0.8170903921127319,0.23782196640968323,0.5094908475875854,0.016188492998480797
1,5,False,0.0,1,0.8160280585289001,0.24126234650611877,0.5097047686576843,0.01621035858988762
1,6,False,0.0,1,0.8148941993713379,0.24438880383968353,0.5094948410987854,0.016251562163233757
1,7,False,0.0,1,0.8144071102142334,0.24579060077667236,0.5094685554504395,0.016290998086333275
1,8,False,0.0,1,0.812704861164093,0.2471000701189041,0.5086684226989746,0.01640716940164566
1,9,False,0.0,1,0.8108901381492615,0.24800926446914673,0.5079941749572754,0.016359297558665276
1,10,False,0.0,1,0.8093857169151306,0.24874868988990784,0.5078855752944946,0.016322849318385124
1,11,False,0.0,1,0.8070129156112671,0.24977326393127441,0.5086328983306885,0.016171175986528397
1,12,False,0.0,1,0.8047128319740295,0.2510192096233368,0.5085046291351318,0.016102736815810204
1,13,False,0.0,1,0.8025768995285034,0.2519944906234741,0.5087616443634033,0.016081728041172028
1,14,False,0.0,1,0.8012188076972961,0.25369691848754883,0.5085031390190125,0.016194196417927742
1,15,False,0.0,1,0.7998944520950317,0.25508493185043335,0.5085781216621399,0.016078585758805275
1,16,False,0.0,1,0.7975203990936279,0.25672250986099243,0.508723795413971,0.01604732871055603
1,17,False,0.0,1,0.795278787612915,0.2585202157497406,0.5087894201278687,0.01610352285206318
1,18,False,0.0,1,0.7926668524742126,0.2603227496147156,0.5087568163871765,0.015965459868311882
1,19,False,0.0,1,0.7901968359947205,0.263272762298584,0.5104280710220337,0.01578221470117569
1,20,False,0.0,1,0.7879148125648499,0.2654486894607544,0.5105249881744385,0.01570575125515461
1,21,False,0.0,1,0.7860188484191895,0.26752880215644836,0.5108697414398193,0.01530468463897705
1,22,False,0.0,1,0.7838751077651978,0.2692359387874603,0.5109984874725342,0.015407836064696312
1,23,False,0.0,1,0.7825202345848083,0.2704187035560608,0.5108909606933594,0.015406975522637367
1,24,False,0.0,1,0.780769944190979,0.27141252160072327,0.5111340880393982,0.01552526094019413
1,25,False,0.0,1,0.7794063091278076,0.27202409505844116,0.5108965635299683,0.015492676757276058
1,26,False,0.0,1,0.7786991596221924,0.27279868721961975,0.5112451314926147,0.01548412349075079
1,27,False,0.0,1,0.7786980867385864,0.2718033194541931,0.5130734443664551,0.015509855933487415
1,28,True,0.021739130839705467,1,0.7775182723999023,0.2718866169452667,0.5126301050186157,0.015613050200045109
1,29,True,0.07608695328235626,1,0.7770249843597412,0.2700439691543579,0.5136514902114868,0.01562686637043953
1,30,True,0.1304347813129425,1,0.7749843597412109,0.26870840787887573,0.5144872665405273,0.015703372657299042
1,31,True,0.18478260934352875,1,0.7781072854995728,0.26759931445121765,0.5147882699966431,0.015809912234544754
1,32,True,0.239130437374115,1,0.7821921110153198,0.2642989158630371,0.5155647993087769,0.015762556344270706
1,33,True,0.29347825050354004,1,0.7827867269515991,0.26320481300354004,0.5151588916778564,0.015853624790906906
1,34,True,0.3478260934352875,1,0.7835811376571655,0.25998541712760925,0.5161967277526855,0.01586822234094143
1,35,True,0.4021739065647125,1,0.7851309776306152,0.2573104500770569,0.5172640681266785,0.016118643805384636
1,36,True,0.45652174949645996,1,0.7888768315315247,0.2546232342720032,0.5158355236053467,0.015884123742580414
1,37,True,0.510869562625885,1,0.7917004823684692,0.2518746256828308,0.5163791179656982,0.015703989192843437
1,38,True,0.5652173757553101,1,0.7956690788269043,0.24705404043197632,0.516541600227356,0.015584376640617847
1,39,True,0.6195651888847351,1,0.7974942922592163,0.2341470718383789,0.5169973373413086,0.01578662171959877
1,40,True,0.6739130616188049,1,0.7977298498153687,0.22780999541282654,0.5170109272003174,0.015802936628460884
1,41,True,0.72826087474823,1,0.7984036803245544,0.22068212926387787,0.5171315670013428,0.01601950079202652
1,42,True,0.782608687877655,1,0.8010221123695374,0.22212985157966614,0.5179082751274109,0.01607625000178814
1,43,True,0.8369565010070801,1,0.7802881002426147,0.18093952536582947,0.5195684432983398,0.01594776287674904
1,44,True,0.8913043737411499,1,0.7917699813842773,0.19046492874622345,0.5195597410202026,0.015897300094366074
1,45,True,0.945652186870575,1,0.791003942489624,0.18739689886569977,0.5195097327232361,0.015885259956121445
1,46,True,1.0,1,0.6691012382507324,0.09458088874816895,0.5203613042831421,0.015732446685433388
1,47,True,1.0,1,0.4783775806427002,0.17029722034931183,0.5199360847473145,0.015699999406933784
1,48,True,1.0,1,0.4249166250228882,0.2030687779188156,0.5197014808654785,0.015687644481658936
1,49,True,1.0,1,0.40654247999191284,0.2132614552974701,0.5195689797401428,0.015675609931349754
1,50,True,1.0,1,0.4003654718399048,0.21647576987743378,0.519501268863678,0.015669189393520355
1,51,True,1.0,1,0.8044515252113342,0.21713858842849731,0.5204401612281799,0.01578923687338829
1,52,True,1.0,1,0.8033077120780945,0.21347446739673615,0.5204333066940308,0.01579759269952774
1,53,True,1.0,1,0.8026570677757263,0.21188069880008698,0.5204405784606934,0.0157964825630188
1,54,True,1.0,1,0.8024308085441589,0.21128691732883453,0.5204440355300903,0.0158005990087986
1,55,True,1.0,1,0.8023056387901306,0.21104703843593597,0.5204492807388306,0.015800997614860535
1,56,True,1.0,1,0.8022453784942627,0.21093109250068665,0.5204517841339111,0.01580077037215233
1,57,True,1.0,1,0.8022217750549316,0.21085470914840698,0.5204520225524902,0.015800487250089645
1,58,True,1.0,1,0.8022191524505615,0.21090170741081238,0.5204553604125977,0.015802321955561638
