model,task_name,runtime_task_index,initial_state_id,episode_id,hard_case,success,policy_calls,timeout,success_phase,reached_full_occlusion,reached_recovery,recovery_success,intervention_applied,intervention_timestep,intervention_policy_call,relocation_safe
B-step5000-oldrecipe,pick up the black bowl next to the plate and place it on the plate,8,0,libero_spatial/task-8/state-0,temporal_occlusion,False,28,True,,True,True,False,True,,,
B-step5000-oldrecipe,pick up the black bowl next to the plate and place it on the plate,8,1,libero_spatial/task-8/state-1,temporal_occlusion,False,28,True,,True,True,False,True,,,
B-step5000-oldrecipe,pick up the black bowl next to the plate and place it on the plate,8,2,libero_spatial/task-8/state-2,temporal_occlusion,False,28,True,,True,True,False,True,,,
B-step5000-oldrecipe,pick up the black bowl next to the plate and place it on the plate,8,3,libero_spatial/task-8/state-3,temporal_occlusion,False,28,True,,True,True,False,True,,,
B-step5000-oldrecipe,pick up the black bowl next to the plate and place it on the plate,8,4,libero_spatial/task-8/state-4,temporal_occlusion,False,28,True,,True,True,False,True,,,
B-step5000-oldrecipe,pick up the black bowl next to the plate and place it on the plate,8,5,libero_spatial/task-8/state-5,temporal_occlusion,False,28,True,,True,True,False,True,,,
B-step5000-oldrecipe,pick up the black bowl next to the plate and place it on the plate,8,6,libero_spatial/task-8/state-6,temporal_occlusion,False,28,True,,True,True,False,True,,,
B-step5000-oldrecipe,pick up the black bowl next to the plate and place it on the plate,8,7,libero_spatial/task-8/state-7,temporal_occlusion,False,28,True,,True,True,False,True,,,
B-step5000-oldrecipe,pick up the black bowl next to the plate and place it on the plate,8,8,libero_spatial/task-8/state-8,temporal_occlusion,True,12,False,full_occlusion,True,False,False,True,,,
B-step5000-oldrecipe,pick up the black bowl next to the plate and place it on the plate,8,9,libero_spatial/task-8/state-9,temporal_occlusion,False,28,True,,True,True,False,True,,,
B-step5000-oldrecipe,pick up the black bowl next to the plate and place it on the plate,8,10,libero_spatial/task-8/state-10,temporal_occlusion,False,28,True,,True,True,False,True,,,
B-step5000-oldrecipe,pick up the black bowl next to the plate and place it on the plate,8,11,libero_spatial/task-8/state-11,temporal_occlusion,False,28,True,,True,True,False,True,,,
B-step5000-oldrecipe,pick up the black bowl next to the plate and place it on the plate,8,12,libero_spatial/task-8/state-12,temporal_occlusion,False,28,True,,True,True,False,True,,,
B-step5000-oldrecipe,pick up the black bowl next to the plate and place it on the plate,8,13,libero_spatial/task-8/state-13,temporal_occlusion,False,28,True,,True,True,False,True,,,
B-step5000-oldrecipe,pick up the black bowl next to the plate and place it on the plate,8,14,libero_spatial/task-8/state-14,temporal_occlusion,False,28,True,,True,True,False,True,,,
B-step5000-oldrecipe,pick up the black bowl next to the plate and place it on the plate,8,15,libero_spatial/task-8/state-15,temporal_occlusion,False,28,True,,True,True,False,True,,,
B-step5000-oldrecipe,pick up the black bowl next to the plate and place it on the plate,8,16,libero_spatial/task-8/state-16,temporal_occlusion,False,28,True,,True,True,False,True,,,
B-step5000-oldrecipe,pick up the black bowl next to the plate and place it on the plate,8,17,libero_spatial/task-8/state-17,temporal_occlusion,False,28,True,,True,True,False,True,,,
B-step5000-oldrecipe,pick up the black bowl next to the plate and place it on the plate,8,18,libero_spatial/task-8/state-18,temporal_occlusion,False,28,True,,True,True,False,True,,,
B-step5000-oldrecipe,pick up the black bowl next to the plate and place it on the plate,8,19,libero_spatial/task-8/state-19,temporal_occlusion,False,28,True,,True,True,False,True,,,
B-step5000-oldrecipe,pick up the black bowl next to the plate and place it on the plate,8,20,libero_spatial/task-8/state-20,temporal_occlusion,True,10,False,full_occlusion,True,False,False,True,,,
B-step5000-oldrecipe,pick up the black bowl next to the plate and place it on the plate,8,21,libero_spatial/task-8/state-21,temporal_occlusion,False,28,True,,True,True,False,True,,,
B-step5000-oldrecipe,pick up the black bowl next to the plate and place it on the plate,8,22,libero_spatial/task-8/state-22,temporal_occlusion,False,28,True,,True,True,False,True,,,
B-step5000-oldrecipe,pick up the black bowl next to the plate and place it on the plate,8,23,libero_spatial/task-8/state-23,temporal_occlusion,False,28,True,,True,True,False,True,,,
B-step5000-oldrecipe,pick up the black bowl next to the plate and place it on the plate,8,24,libero_spatial/task-8/state-24,temporal_occlusion,False,28,True,,True,True,False,True,,,
B-step5000-oldrecipe,pick up the black bowl next to the plate and place it on the plate,8,25,libero_spatial/task-8/state-25,temporal_occlusion,False,28,True,,True,True,False,True,,,
B-step5000-oldrecipe,pick up the black bowl next to the plate and place it on the plate,8,26,libero_spatial/task-8/state-26,temporal_occlusion,False,28,True,,True,True,False,True,,,
B-step5000-oldrecipe,pick up the black bowl next to the plate and place it on the plate,8,27,libero_spatial/task-8/state-27,temporal_occlusion,True,10,False,full_occlusion,True,False,False,True,,,
B-step5000-oldrecipe,pick up the black bowl next to the plate and place it on the plate,8,28,libero_spatial/task-8/state-28,temporal_occlusion,False,28,True,,True,True,False,True,,,
B-step5000-oldrecipe,pick up the black bowl next to the plate and place it on the plate,8,29,libero_spatial/task-8/state-29,temporal_occlusion,False,28,True,,True,True,False,True,,,
B-step5000-oldrecipe,pick up the black bowl next to the plate and place it on the plate,8,30,libero_spatial/task-8/state-30,temporal_occlusion,False,28,True,,True,True,False,True,,,
B-step5000-oldrecipe,pick up the black bowl next to the plate and place it on the plate,8,31,libero_spatial/task-8/state-31,temporal_occlusion,False,28,True,,True,True,False,True,,,
B-step5000-oldrecipe,pick up the black bowl next to the plate and place it on the plate,8,32,libero_spatial/task-8/state-32,temporal_occlusion,False,28,True,,True,True,False,True,,,
B-step5000-oldrecipe,pick up the black bowl next to the plate and place it on the plate,8,33,libero_spatial/task-8/state-33,temporal_occlusion,False,28,True,,True,True,False,True,,,
B-step5000-oldrecipe,pick up the black bowl next to the plate and place it on the plate,8,34,libero_spatial/task-8/state-34,temporal_occlusion,False,28,True,,True,True,False,True,,,
B-step5000-oldrecipe,pick up the black bowl next to the plate and place it on the plate,8,35,libero_spatial/task-8/state-35,temporal_occlusion,False,28,True,,True,True,False,True,,,
B-step5000-oldrecipe,pick up the black bowl next to the plate and place it on the plate,8,36,libero_spatial/task-8/state-36,temporal_occlusion,False,28,True,,True,True,False,True,,,
B-step5000-oldrecipe,pick up the black bowl next to the plate and place it on the plate,8,37,libero_spatial/task-8/state-37,temporal_occlusion,False,28,True,,True,True,False,True,,,
B-step5000-oldrecipe,pick up the black bowl next to the plate and place it on the plate,8,38,libero_spatial/task-8/state-38,temporal_occlusion,False,28,True,,True,True,False,True,,,
B-step5000-oldrecipe,pick up the black bowl next to the plate and place it on the plate,8,39,libero_spatial/task-8/state-39,temporal_occlusion,False,28,True,,True,True,False,True,,,
B-step5000-oldrecipe,pick up the black bowl next to the plate and place it on the plate,8,40,libero_spatial/task-8/state-40,temporal_occlusion,False,28,True,,True,True,False,True,,,
B-step5000-oldrecipe,pick up the black bowl next to the plate and place it on the plate,8,41,libero_spatial/task-8/state-41,temporal_occlusion,False,28,True,,True,True,False,True,,,
B-step5000-oldrecipe,pick up the black bowl next to the plate and place it on the plate,8,42,libero_spatial/task-8/state-42,temporal_occlusion,False,28,True,,True,True,False,True,,,
B-step5000-oldrecipe,pick up the black bowl next to the plate and place it on the plate,8,43,libero_spatial/task-8/state-43,temporal_occlusion,False,28,True,,True,True,False,True,,,
B-step5000-oldrecipe,pick up the black bowl next to the plate and place it on the plate,8,44,libero_spatial/task-8/state-44,temporal_occlusion,False,28,True,,True,True,False,True,,,
B-step5000-oldrecipe,pick up the black bowl next to the plate and place it on the plate,8,45,libero_spatial/task-8/state-45,temporal_occlusion,False,28,True,,True,True,False,True,,,
B-step5000-oldrecipe,pick up the black bowl next to the plate and place it on the plate,8,46,libero_spatial/task-8/state-46,temporal_occlusion,False,28,True,,True,True,False,True,,,
B-step5000-oldrecipe,pick up the black bowl next to the plate and place it on the plate,8,47,libero_spatial/task-8/state-47,temporal_occlusion,False,28,True,,True,True,False,True,,,
B-step5000-oldrecipe,pick up the black bowl next to the plate and place it on the plate,8,48,libero_spatial/task-8/state-48,temporal_occlusion,False,28,True,,True,True,False,True,,,
B-step5000-oldrecipe,pick up the black bowl next to the plate and place it on the plate,8,49,libero_spatial/task-8/state-49,temporal_occlusion,False,28,True,,True,True,False,True,,,
